{"cameraMode":{"drawMode":0,"name":"Shaded","section":"Shading Mode"},"sceneLighting":true,"audioPlay":false,"sceneViewState":{"m_AlwaysRefresh":false,"showFog":true,"showSkybox":true,"showFlares":true,"showImageEffects":true,"showParticleSystems":true,"showVisualEffectGraphs":true,"m_FxEnabled":true},"in2DMode":false,"pivot":{"x":1.1980091333389283,"y":-5.3572694724834949e-8,"z":0.0014311292907223106},"rotation":{"x":-0.15863683819770814,"y":0.0005897333612665534,"z":-0.0000947305525187403,"w":-0.9873380064964294},"size":18.247966766357423,"orthographic":false}